user,gesture,total_reps,dropped_reps,interpolated_reps,total_windows,bad_windows,pct_bad_windows
user1,fist,25,0,0,388,0,0.0
user1,noGesture,25,0,0,400,0,0.0
user1,open,25,0,0,347,0,0.0
user1,pinch,25,1,0,471,4,0.85
user1,waveIn,25,0,0,325,0,0.0
user1,waveOut,25,1,0,616,3,0.49
user10,fist,25,0,1,562,2,0.36
user10,noGesture,25,2,0,675,17,2.52
user10,open,25,1,1,598,6,1.0
user10,pinch,25,0,3,606,4,0.66
user10,waveIn,25,4,3,743,22,2.96
user10,waveOut,25,3,2,724,18,2.49
user100,fist,25,0,0,434,0,0.0
user100,noGesture,25,0,0,350,0,0.0
user100,open,25,0,0,298,0,0.0
user100,pinch,25,1,1,405,6,1.48
user100,waveIn,25,0,1,371,1,0.27
user100,waveOut,25,0,3,317,3,0.95
user101,fist,25,0,0,338,0,0.0
user101,noGesture,25,0,0,500,0,0.0
user101,open,25,2,4,471,11,2.34
user101,pinch,25,0,1,266,1,0.38
user101,waveIn,25,1,1,627,4,0.64
user101,waveOut,25,1,0,611,4,0.65
user102,fist,25,0,0,391,0,0.0
user102,noGesture,25,0,0,400,0,0.0
user102,open,25,0,0,332,0,0.0
user102,pinch,25,0,0,441,0,0.0
user102,waveIn,25,0,0,449,0,0.0
user102,waveOut,25,0,0,440,0,0.0
user103,fist,25,0,0,586,0,0.0
user103,noGesture,25,0,0,525,0,0.0
user103,open,25,0,0,456,0,0.0
user103,pinch,25,0,0,417,0,0.0
user103,waveIn,25,0,0,544,0,0.0
user103,waveOut,25,0,1,608,1,0.16
user104,fist,25,3,7,714,20,2.8
user104,noGesture,25,2,0,550,44,8.0
user104,open,25,1,10,473,16,3.38
user104,pinch,25,2,1,420,8,1.9
user104,waveIn,25,7,7,695,35,5.04
user104,waveOut,25,0,1,514,1,0.19
user105,fist,25,0,0,494,0,0.0
user105,noGesture,25,0,0,425,0,0.0
user105,open,25,0,0,320,0,0.0
user105,pinch,25,0,0,664,0,0.0
user105,waveIn,25,0,0,432,0,0.0
user105,waveOut,25,0,0,363,0,0.0
user106,fist,25,0,0,415,0,0.0
user106,noGesture,25,0,0,525,0,0.0
user106,open,25,2,1,518,7,1.35
user106,pinch,25,0,0,712,0,0.0
user106,waveIn,25,0,0,505,0,0.0
user106,waveOut,25,0,0,496,0,0.0
user107,fist,25,0,0,1030,0,0.0
user107,noGesture,25,0,0,950,0,0.0
user107,open,25,0,1,1088,1,0.09
user107,pinch,25,0,0,456,0,0.0
user107,waveIn,25,1,2,1016,5,0.49
user107,waveOut,25,1,2,1028,8,0.78
user108,fist,25,0,0,787,0,0.0
user108,noGesture,25,1,0,700,23,3.29
user108,open,25,0,0,445,0,0.0
user108,pinch,25,0,0,736,0,0.0
user108,waveIn,25,0,0,890,0,0.0
user108,waveOut,25,0,0,741,0,0.0
user109,fist,25,0,0,481,0,0.0
user109,noGesture,25,0,0,450,0,0.0
user109,open,25,0,0,438,0,0.0
user109,pinch,25,0,0,466,0,0.0
user109,waveIn,25,0,0,389,0,0.0
user109,waveOut,25,0,0,432,0,0.0
user11,fist,25,0,0,501,0,0.0
user11,noGesture,25,5,0,500,92,18.4
user11,open,25,1,2,531,7,1.32
user11,pinch,25,0,1,523,1,0.19
user11,waveIn,25,0,0,540,0,0.0
user11,waveOut,25,0,0,454,0,0.0
user110,fist,25,0,0,501,0,0.0
user110,noGesture,25,0,0,475,0,0.0
user110,open,25,0,0,524,0,0.0
user110,pinch,25,0,0,375,0,0.0
user110,waveIn,25,0,0,511,0,0.0
user110,waveOut,25,0,0,465,0,0.0
user111,fist,25,0,0,808,0,0.0
user111,noGesture,25,0,0,650,0,0.0
user111,open,25,0,0,519,0,0.0
user111,pinch,25,0,1,564,2,0.35
user111,waveIn,25,0,0,710,0,0.0
user111,waveOut,25,0,0,746,0,0.0
user112,fist,25,0,0,700,0,0.0
user112,noGesture,25,0,0,575,0,0.0
user112,open,25,0,0,559,0,0.0
user112,pinch,25,0,0,408,0,0.0
user112,waveIn,25,0,0,646,0,0.0
user112,waveOut,25,0,0,556,0,0.0
user113,fist,25,0,0,775,0,0.0
user113,noGesture,25,2,1,825,38,4.61
user113,open,25,0,0,782,0,0.0
user113,pinch,25,0,0,805,0,0.0
user113,waveIn,25,0,0,789,0,0.0
user113,waveOut,25,0,0,776,0,0.0
user114,fist,25,0,0,579,0,0.0
user114,noGesture,25,2,0,575,24,4.17
user114,open,25,0,0,424,0,0.0
user114,pinch,25,0,1,658,1,0.15
user114,waveIn,25,0,0,584,0,0.0
user114,waveOut,25,0,1,614,2,0.33
user115,fist,25,0,1,281,2,0.71
user115,noGesture,25,0,0,525,0,0.0
user115,open,25,0,0,570,0,0.0
user115,pinch,25,0,0,566,0,0.0
user115,waveIn,25,1,0,229,4,1.75
user115,waveOut,25,0,0,698,0,0.0
user116,fist,25,0,1,493,1,0.2
user116,noGesture,25,0,0,475,0,0.0
user116,open,25,0,1,435,1,0.23
user116,pinch,25,0,0,533,0,0.0
user116,waveIn,25,0,0,639,0,0.0
user116,waveOut,25,0,2,623,5,0.8
user117,fist,25,0,2,810,3,0.37
user117,noGesture,25,0,0,825,0,0.0
user117,open,25,2,1,847,14,1.65
user117,pinch,25,2,5,800,15,1.88
user117,waveIn,25,3,4,885,32,3.62
user117,waveOut,25,0,0,787,0,0.0
user118,fist,25,0,0,626,0,0.0
user118,noGesture,25,0,0,700,0,0.0
user118,open,25,0,0,627,0,0.0
user118,pinch,25,0,0,876,0,0.0
user118,waveIn,25,0,0,716,0,0.0
user118,waveOut,25,0,1,678,4,0.59
user119,fist,25,0,0,690,0,0.0
user119,noGesture,25,0,1,675,1,0.15
user119,open,25,0,0,599,0,0.0
user119,pinch,25,0,3,723,3,0.41
user119,waveIn,25,0,0,717,0,0.0
user119,waveOut,25,1,2,684,9,1.32
user12,fist,25,0,0,636,0,0.0
user12,noGesture,25,0,0,450,0,0.0
user12,open,25,0,0,421,0,0.0
user12,pinch,25,0,0,707,0,0.0
user12,waveIn,25,0,0,378,0,0.0
user12,waveOut,25,0,0,408,0,0.0
user120,fist,25,0,0,605,0,0.0
user120,noGesture,25,0,1,475,1,0.21
user120,open,25,0,0,484,0,0.0
user120,pinch,25,1,0,232,3,1.29
user120,waveIn,25,0,0,377,0,0.0
user120,waveOut,25,0,0,767,0,0.0
user121,fist,25,0,0,328,0,0.0
user121,noGesture,25,0,0,400,0,0.0
user121,open,25,0,0,393,0,0.0
user121,pinch,25,0,1,273,1,0.37
user121,waveIn,25,1,1,593,5,0.84
user121,waveOut,25,0,0,645,0,0.0
user122,fist,25,0,0,509,0,0.0
user122,noGesture,25,0,0,450,0,0.0
user122,open,25,0,0,405,0,0.0
user122,pinch,25,0,0,568,0,0.0
user122,waveIn,25,1,1,403,7,1.74
user122,waveOut,25,0,0,469,0,0.0
user123,fist,25,0,0,352,0,0.0
user123,noGesture,25,0,0,375,0,0.0
user123,open,25,0,0,284,0,0.0
user123,pinch,25,0,0,530,0,0.0
user123,waveIn,25,0,0,436,0,0.0
user123,waveOut,25,0,0,356,0,0.0
user124,fist,25,0,0,655,0,0.0
user124,noGesture,25,1,1,625,10,1.6
user124,open,25,0,0,557,0,0.0
user124,pinch,25,0,0,484,0,0.0
user124,waveIn,25,0,0,657,0,0.0
user124,waveOut,25,0,0,870,0,0.0
user125,fist,25,2,2,805,12,1.49
user125,noGesture,25,1,1,800,9,1.12
user125,open,25,1,1,741,6,0.81
user125,pinch,25,0,0,404,0,0.0
user125,waveIn,25,13,3,842,62,7.36
user125,waveOut,25,0,2,1036,4,0.39
user126,fist,25,0,0,340,0,0.0
user126,noGesture,25,0,0,400,0,0.0
user126,open,25,0,0,326,0,0.0
user126,pinch,25,1,1,373,5,1.34
user126,waveIn,25,0,0,488,0,0.0
user126,waveOut,25,1,0,487,4,0.82
user127,fist,25,0,0,760,0,0.0
user127,noGesture,25,0,3,700,6,0.86
user127,open,25,0,0,618,0,0.0
user127,pinch,25,0,0,704,0,0.0
user127,waveIn,25,0,0,787,0,0.0
user127,waveOut,25,0,0,796,0,0.0
user128,fist,25,2,1,792,14,1.77
user128,noGesture,25,4,0,725,45,6.21
user128,open,25,0,1,549,2,0.36
user128,pinch,25,1,1,619,6,0.97
user128,waveIn,25,1,0,762,6,0.79
user128,waveOut,25,0,0,732,0,0.0
user129,fist,25,0,0,428,0,0.0
user129,noGesture,25,0,0,425,0,0.0
user129,open,25,1,0,352,4,1.14
user129,pinch,25,0,0,495,0,0.0
user129,waveIn,25,0,1,470,1,0.21
user129,waveOut,25,0,0,442,0,0.0
user13,fist,25,0,0,569,0,0.0
user13,noGesture,25,1,0,575,6,1.04
user13,open,25,0,0,427,0,0.0
user13,pinch,25,0,1,584,1,0.17
user13,waveIn,25,6,3,729,25,3.43
user13,waveOut,25,0,0,562,0,0.0
user130,fist,25,0,0,739,0,0.0
user130,noGesture,25,1,0,625,3,0.48
user130,open,25,0,0,609,0,0.0
user130,pinch,25,0,0,365,0,0.0
user130,waveIn,25,0,0,680,0,0.0
user130,waveOut,25,0,0,739,0,0.0
user131,fist,25,0,0,758,0,0.0
user131,noGesture,25,0,0,750,0,0.0
user131,open,25,0,0,703,0,0.0
user131,pinch,25,0,0,766,0,0.0
user131,waveIn,25,0,0,845,0,0.0
user131,waveOut,25,3,1,762,10,1.31
user132,fist,25,0,2,788,3,0.38
user132,noGesture,25,5,2,725,77,10.62
user132,open,25,0,1,524,1,0.19
user132,pinch,25,0,1,545,2,0.37
user132,waveIn,25,1,0,1082,3,0.28
user132,waveOut,25,0,0,853,0,0.0
user133,fist,25,0,0,185,0,0.0
user133,noGesture,25,2,0,200,16,8.0
user133,open,25,0,0,211,0,0.0
user133,pinch,25,0,0,233,0,0.0
user133,waveIn,25,0,0,167,0,0.0
user133,waveOut,25,0,1,213,2,0.94
user134,fist,25,2,3,769,12,1.56
user134,noGesture,25,0,0,600,0,0.0
user134,open,25,5,0,738,23,3.12
user134,pinch,25,1,1,584,4,0.68
user134,waveIn,25,0,2,651,3,0.46
user134,waveOut,25,6,0,634,26,4.1
user135,fist,25,6,17,833,47,5.64
user135,noGesture,25,0,0,825,0,0.0
user135,open,25,17,6,771,75,9.73
user135,pinch,25,0,0,830,0,0.0
user135,waveIn,25,2,5,763,14,1.83
user135,waveOut,25,0,2,760,3,0.39
user136,fist,25,8,3,801,33,4.12
user136,noGesture,25,0,0,850,0,0.0
user136,open,25,1,2,743,5,0.67
user136,pinch,25,2,1,738,13,1.76
user136,waveIn,25,4,7,826,26,3.15
user136,waveOut,25,1,1,806,4,0.5
user137,fist,25,20,2,818,114,13.94
user137,noGesture,25,0,0,775,0,0.0
user137,open,25,3,1,793,23,2.9
user137,pinch,25,1,5,659,10,1.52
user137,waveIn,25,0,2,809,2,0.25
user137,waveOut,25,4,2,733,18,2.46
user138,fist,25,0,0,534,0,0.0
user138,noGesture,25,2,1,575,10,1.74
user138,open,25,1,4,523,10,1.91
user138,pinch,25,0,0,578,0,0.0
user138,waveIn,25,1,0,567,3,0.53
user138,waveOut,25,0,0,603,0,0.0
user139,fist,25,0,0,610,0,0.0
user139,noGesture,25,1,1,600,4,0.67
user139,open,25,0,0,582,0,0.0
user139,pinch,25,0,1,552,1,0.18
user139,waveIn,25,0,0,674,0,0.0
user139,waveOut,25,0,0,657,0,0.0
user14,fist,25,0,0,485,0,0.0
user14,noGesture,25,2,0,425,7,1.65
user14,open,25,0,0,353,0,0.0
user14,pinch,25,0,0,434,0,0.0
user14,waveIn,25,0,0,385,0,0.0
user14,waveOut,25,0,0,483,0,0.0
user140,fist,25,1,0,381,2,0.52
user140,noGesture,25,1,1,375,16,4.27
user140,open,25,5,2,466,26,5.58
user140,pinch,25,1,0,243,5,2.06
user140,waveIn,25,0,0,347,0,0.0
user140,waveOut,25,0,2,514,3,0.58
user141,fist,25,0,0,490,0,0.0
user141,noGesture,25,4,0,525,66,12.57
user141,open,25,1,2,543,7,1.29
user141,pinch,25,0,0,486,0,0.0
user141,waveIn,25,0,1,590,3,0.51
user141,waveOut,25,3,1,602,11,1.83
user142,fist,25,0,0,779,0,0.0
user142,noGesture,25,0,1,600,2,0.33
user142,open,25,0,0,496,0,0.0
user142,pinch,25,0,0,554,0,0.0
user142,waveIn,25,1,2,813,6,0.74
user142,waveOut,25,0,1,531,2,0.38
user143,fist,25,3,3,703,20,2.84
user143,noGesture,25,0,0,450,0,0.0
user143,open,25,3,1,569,13,2.28
user143,pinch,25,1,0,246,3,1.22
user143,waveIn,25,1,1,341,9,2.64
user143,waveOut,25,5,3,554,35,6.32
user144,fist,25,1,1,740,6,0.81
user144,noGesture,25,0,1,675,3,0.44
user144,open,25,3,5,587,17,2.9
user144,pinch,25,0,1,427,1,0.23
user144,waveIn,25,7,6,842,36,4.28
user144,waveOut,25,7,10,857,51,5.95
user145,fist,25,0,0,446,0,0.0
user145,noGesture,25,1,0,475,4,0.84
user145,open,25,0,0,524,0,0.0
user145,pinch,25,0,2,402,3,0.75
user145,waveIn,25,0,0,514,0,0.0
user145,waveOut,25,2,0,607,7,1.15
user146,fist,25,0,0,815,0,0.0
user146,noGesture,25,0,0,450,0,0.0
user146,open,25,0,0,398,0,0.0
user146,pinch,25,0,0,360,0,0.0
user146,waveIn,25,0,0,426,0,0.0
user146,waveOut,25,0,0,611,0,0.0
user147,fist,25,0,1,345,2,0.58
user147,noGesture,25,0,0,250,0,0.0
user147,open,25,0,0,302,0,0.0
user147,pinch,25,0,0,221,0,0.0
user147,waveIn,25,0,0,240,0,0.0
user147,waveOut,25,0,0,293,0,0.0
user148,fist,25,0,0,868,0,0.0
user148,noGesture,25,0,0,825,0,0.0
user148,open,25,0,0,849,0,0.0
user148,pinch,25,0,0,367,0,0.0
user148,waveIn,25,0,0,839,0,0.0
user148,waveOut,25,0,0,980,0,0.0
user149,fist,25,0,0,889,0,0.0
user149,noGesture,25,0,0,725,0,0.0
user149,open,25,0,0,757,0,0.0
user149,pinch,25,0,1,647,1,0.15
user149,waveIn,25,0,1,892,1,0.11
user149,waveOut,25,0,2,610,2,0.33
user15,fist,25,0,0,500,0,0.0
user15,noGesture,25,0,0,550,0,0.0
user15,open,25,0,0,690,0,0.0
user15,pinch,25,1,1,526,8,1.52
user15,waveIn,25,0,0,606,0,0.0
user15,waveOut,25,0,1,522,1,0.19
user150,fist,25,1,0,959,3,0.31
user150,noGesture,25,0,0,600,0,0.0
user150,open,25,0,8,474,9,1.9
user150,pinch,25,0,0,570,0,0.0
user150,waveIn,25,1,0,629,4,0.64
user150,waveOut,25,0,0,593,0,0.0
user151,fist,25,0,0,933,0,0.0
user151,noGesture,25,0,0,825,0,0.0
user151,open,25,1,0,737,3,0.41
user151,pinch,25,4,0,497,17,3.42
user151,waveIn,25,5,2,887,24,2.71
user151,waveOut,25,0,0,953,0,0.0
user152,fist,25,1,1,661,8,1.21
user152,noGesture,25,0,0,550,0,0.0
user152,open,25,1,0,496,4,0.81
user152,pinch,25,0,0,527,0,0.0
user152,waveIn,25,1,1,549,5,0.91
user152,waveOut,25,0,0,577,0,0.0
user153,fist,25,4,6,961,26,2.71
user153,noGesture,25,1,0,675,3,0.44
user153,open,25,2,6,840,17,2.02
user153,pinch,25,0,1,545,1,0.18
user153,waveIn,25,0,0,606,0,0.0
user153,waveOut,25,4,3,690,17,2.46
user154,fist,25,0,0,582,0,0.0
user154,noGesture,25,3,0,500,16,3.2
user154,open,25,0,0,373,0,0.0
user154,pinch,25,0,0,586,0,0.0
user154,waveIn,25,0,0,569,0,0.0
user154,waveOut,25,0,0,445,0,0.0
user155,fist,25,0,0,500,0,0.0
user155,noGesture,25,0,0,550,0,0.0
user155,open,25,0,0,581,0,0.0
user155,pinch,25,0,0,537,0,0.0
user155,waveIn,25,0,0,572,0,0.0
user155,waveOut,25,0,0,553,0,0.0
user156,fist,25,0,0,810,0,0.0
user156,noGesture,25,0,0,700,0,0.0
user156,open,25,0,0,690,0,0.0
user156,pinch,25,0,0,908,0,0.0
user156,waveIn,25,0,0,626,0,0.0
user156,waveOut,25,0,0,584,0,0.0
user157,fist,25,0,0,846,0,0.0
user157,noGesture,25,1,0,750,30,4.0
user157,open,25,0,0,786,0,0.0
user157,pinch,25,0,1,718,1,0.14
user157,waveIn,25,6,1,711,24,3.38
user157,waveOut,25,0,2,788,3,0.38
user158,fist,25,0,0,918,0,0.0
user158,noGesture,25,1,0,725,16,2.21
user158,open,25,0,0,648,0,0.0
user158,pinch,25,0,0,512,0,0.0
user158,waveIn,25,0,0,788,0,0.0
user158,waveOut,25,0,0,730,0,0.0
user159,fist,25,0,0,592,0,0.0
user159,noGesture,25,1,0,550,7,1.27
user159,open,25,0,0,560,0,0.0
user159,pinch,25,1,0,438,4,0.91
user159,waveIn,25,0,1,698,1,0.14
user159,waveOut,25,0,0,572,0,0.0
user16,fist,25,0,0,498,0,0.0
user16,noGesture,25,0,0,500,0,0.0
user16,open,25,0,0,482,0,0.0
user16,pinch,25,0,0,496,0,0.0
user16,waveIn,25,0,0,538,0,0.0
user16,waveOut,25,2,1,527,7,1.33
user160,fist,25,0,0,510,0,0.0
user160,noGesture,25,3,1,475,29,6.11
user160,open,25,0,0,426,0,0.0
user160,pinch,25,0,0,877,0,0.0
user160,waveIn,25,0,0,415,0,0.0
user160,waveOut,25,1,0,440,4,0.91
user161,fist,25,0,1,770,1,0.13
user161,noGesture,25,0,0,625,0,0.0
user161,open,25,0,0,499,0,0.0
user161,pinch,25,0,0,594,0,0.0
user161,waveIn,25,0,0,645,0,0.0
user161,waveOut,25,0,0,571,0,0.0
user162,fist,25,0,0,460,0,0.0
user162,noGesture,25,0,0,450,0,0.0
user162,open,25,1,3,436,10,2.29
user162,pinch,25,0,0,623,0,0.0
user162,waveIn,25,1,1,405,14,3.46
user162,waveOut,25,1,2,477,8,1.68
user163,fist,25,2,1,543,11,2.03
user163,noGesture,25,1,1,725,30,4.14
user163,open,25,1,0,568,7,1.23
user163,pinch,25,2,1,740,16,2.16
user163,waveIn,25,4,2,835,17,2.04
user163,waveOut,25,1,2,868,11,1.27
user164,fist,25,0,0,429,0,0.0
user164,noGesture,25,0,0,450,0,0.0
user164,open,25,1,0,423,4,0.95
user164,pinch,25,0,1,717,2,0.28
user164,waveIn,25,0,0,404,0,0.0
user164,waveOut,25,0,0,453,0,0.0
user165,fist,25,0,0,674,0,0.0
user165,noGesture,25,1,0,625,19,3.04
user165,open,25,0,0,439,0,0.0
user165,pinch,25,0,0,569,0,0.0
user165,waveIn,25,12,5,855,54,6.32
user165,waveOut,25,7,3,682,32,4.69
user166,fist,25,0,0,477,0,0.0
user166,noGesture,25,0,0,400,0,0.0
user166,open,25,0,0,368,0,0.0
user166,pinch,25,0,0,393,0,0.0
user166,waveIn,25,0,0,403,0,0.0
user166,waveOut,25,5,3,444,20,4.5
user167,fist,25,0,0,388,0,0.0
user167,noGesture,25,0,0,500,0,0.0
user167,open,25,0,0,463,0,0.0
user167,pinch,25,0,0,557,0,0.0
user167,waveIn,25,1,0,391,3,0.77
user167,waveOut,25,0,0,703,0,0.0
user168,fist,25,0,4,427,5,1.17
user168,noGesture,25,1,0,350,8,2.29
user168,open,25,0,0,222,0,0.0
user168,pinch,25,1,1,417,5,1.2
user168,waveIn,25,0,0,271,0,0.0
user168,waveOut,25,0,0,343,0,0.0
user169,fist,25,1,0,658,3,0.46
user169,noGesture,25,0,0,675,0,0.0
user169,open,25,1,2,603,5,0.83
user169,pinch,25,0,0,692,0,0.0
user169,waveIn,25,0,2,690,4,0.58
user169,waveOut,25,0,0,772,0,0.0
user17,fist,25,0,0,581,0,0.0
user17,noGesture,25,0,0,525,0,0.0
user17,open,25,0,0,367,0,0.0
user17,pinch,25,0,0,559,0,0.0
user17,waveIn,25,0,0,299,0,0.0
user17,waveOut,25,0,1,561,1,0.18
user170,fist,25,0,0,697,0,0.0
user170,noGesture,25,2,1,725,26,3.59
user170,open,25,0,0,556,0,0.0
user170,pinch,25,0,3,651,4,0.61
user170,waveIn,25,0,1,824,2,0.24
user170,waveOut,25,2,0,776,7,0.9
user171,fist,25,0,0,579,0,0.0
user171,noGesture,25,2,0,575,11,1.91
user171,open,25,0,0,468,0,0.0
user171,pinch,25,0,0,580,0,0.0
user171,waveIn,25,0,0,710,0,0.0
user171,waveOut,25,0,0,554,0,0.0
user172,fist,25,0,0,537,0,0.0
user172,noGesture,25,1,0,475,10,2.11
user172,open,25,1,2,482,8,1.66
user172,pinch,25,1,0,432,3,0.69
user172,waveIn,25,1,1,550,5,0.91
user172,waveOut,25,2,0,512,6,1.17
user173,fist,25,0,0,465,0,0.0
user173,noGesture,25,2,0,450,23,5.11
user173,open,25,2,2,474,11,2.32
user173,pinch,25,0,0,469,0,0.0
user173,waveIn,25,1,0,413,3,0.73
user173,waveOut,25,1,0,484,3,0.62
user174,fist,25,0,0,893,0,0.0
user174,noGesture,25,0,1,725,2,0.28
user174,open,25,1,1,602,6,1.0
user174,pinch,25,7,0,800,50,6.25
user174,waveIn,25,0,1,643,1,0.16
user174,waveOut,25,2,1,652,12,1.84
user175,fist,25,0,0,810,0,0.0
user175,noGesture,25,3,0,675,49,7.26
user175,open,25,0,0,650,0,0.0
user175,pinch,25,0,0,683,0,0.0
user175,waveIn,25,0,0,562,0,0.0
user175,waveOut,25,0,1,675,2,0.3
user176,fist,25,0,0,493,0,0.0
user176,noGesture,25,2,1,525,16,3.05
user176,open,25,0,0,577,0,0.0
user176,pinch,25,0,0,532,0,0.0
user176,waveIn,25,0,1,550,1,0.18
user176,waveOut,25,0,0,498,0,0.0
user177,fist,25,0,0,454,0,0.0
user177,noGesture,25,0,0,450,0,0.0
user177,open,25,0,0,388,0,0.0
user177,pinch,25,0,0,520,0,0.0
user177,waveIn,25,0,0,412,0,0.0
user177,waveOut,25,0,0,555,0,0.0
user178,fist,25,2,0,505,8,1.58
user178,noGesture,25,0,3,500,6,1.2
user178,open,25,2,0,422,10,2.37
user178,pinch,25,3,1,612,12,1.96
user178,waveIn,25,0,2,493,4,0.81
user178,waveOut,25,1,1,522,8,1.53
user179,fist,25,2,0,736,6,0.82
user179,noGesture,25,0,1,600,1,0.17
user179,open,25,1,2,684,8,1.17
user179,pinch,25,1,0,534,4,0.75
user179,waveIn,25,0,8,396,10,2.53
user179,waveOut,25,0,0,620,0,0.0
user18,fist,25,0,0,389,0,0.0
user18,noGesture,25,0,0,375,0,0.0
user18,open,25,0,0,198,0,0.0
user18,pinch,25,0,0,416,0,0.0
user18,waveIn,25,0,3,432,4,0.93
user18,waveOut,25,0,0,344,0,0.0
user180,fist,25,0,0,598,0,0.0
user180,noGesture,25,2,0,700,29,4.14
user180,open,25,0,0,647,0,0.0
user180,pinch,25,1,3,770,8,1.04
user180,waveIn,25,0,1,824,2,0.24
user180,waveOut,25,0,0,668,0,0.0
user181,fist,25,0,0,402,0,0.0
user181,noGesture,25,0,0,400,0,0.0
user181,open,25,0,0,356,0,0.0
user181,pinch,25,0,2,588,3,0.51
user181,waveIn,25,1,1,438,5,1.14
user181,waveOut,25,2,1,307,16,5.21
user182,fist,25,2,3,881,13,1.48
user182,noGesture,25,0,0,675,0,0.0
user182,open,25,0,2,689,2,0.29
user182,pinch,25,0,0,429,0,0.0
user182,waveIn,25,0,0,680,0,0.0
user182,waveOut,25,0,0,576,0,0.0
user183,fist,25,0,0,452,0,0.0
user183,noGesture,25,4,1,475,53,11.16
user183,open,25,0,0,486,0,0.0
user183,pinch,25,0,0,514,0,0.0
user183,waveIn,25,0,0,467,0,0.0
user183,waveOut,25,1,0,583,3,0.51
user184,fist,25,1,0,465,3,0.65
user184,noGesture,25,2,1,350,28,8.0
user184,open,25,0,0,228,0,0.0
user184,pinch,25,0,1,297,2,0.67
user184,waveIn,25,0,0,451,0,0.0
user184,waveOut,25,0,0,419,0,0.0
user185,fist,25,0,0,368,0,0.0
user185,noGesture,25,0,0,425,0,0.0
user185,open,25,0,1,477,1,0.21
user185,pinch,25,0,0,501,0,0.0
user185,waveIn,25,0,1,300,1,0.33
user185,waveOut,25,0,2,427,3,0.7
user186,fist,25,2,3,889,10,1.12
user186,noGesture,25,0,1,825,1,0.12
user186,open,25,1,2,779,11,1.41
user186,pinch,25,0,0,782,0,0.0
user186,waveIn,25,3,1,832,11,1.32
user186,waveOut,25,0,1,943,1,0.11
user187,fist,25,0,0,381,0,0.0
user187,noGesture,25,0,0,375,0,0.0
user187,open,25,0,2,326,4,1.23
user187,pinch,25,0,1,414,1,0.24
user187,waveIn,25,1,1,343,6,1.75
user187,waveOut,25,0,0,477,0,0.0
user188,fist,25,0,0,587,0,0.0
user188,noGesture,25,2,0,575,46,8.0
user188,open,25,1,2,608,6,0.99
user188,pinch,25,0,0,634,0,0.0
user188,waveIn,25,0,2,598,2,0.33
user188,waveOut,25,0,0,568,0,0.0
user189,fist,25,0,0,544,0,0.0
user189,noGesture,25,0,1,550,1,0.18
user189,open,25,0,1,518,2,0.39
user189,pinch,25,0,0,571,0,0.0
user189,waveIn,25,2,1,706,9,1.27
user189,waveOut,25,0,1,354,1,0.28
user19,fist,25,0,0,543,0,0.0
user19,noGesture,25,0,1,475,2,0.42
user19,open,25,0,0,519,0,0.0
user19,pinch,25,0,0,523,0,0.0
user19,waveIn,25,0,0,394,0,0.0
user19,waveOut,25,0,0,392,0,0.0
user190,fist,25,0,0,466,0,0.0
user190,noGesture,25,0,0,500,0,0.0
user190,open,25,0,0,504,0,0.0
user190,pinch,25,0,2,693,2,0.29
user190,waveIn,25,0,0,403,0,0.0
user190,waveOut,25,0,0,563,0,0.0
user191,fist,25,1,1,380,6,1.58
user191,noGesture,25,0,0,375,0,0.0
user191,open,25,0,0,332,0,0.0
user191,pinch,25,0,0,609,0,0.0
user191,waveIn,25,0,1,392,2,0.51
user191,waveOut,25,0,0,354,0,0.0
user192,fist,25,1,0,538,3,0.56
user192,noGesture,25,1,0,550,3,0.55
user192,open,25,0,0,407,0,0.0
user192,pinch,25,0,0,600,0,0.0
user192,waveIn,25,0,0,484,0,0.0
user192,waveOut,25,2,2,786,12,1.53
user193,fist,25,0,0,383,0,0.0
user193,noGesture,25,0,0,400,0,0.0
user193,open,25,0,0,349,0,0.0
user193,pinch,25,0,0,417,0,0.0
user193,waveIn,25,0,0,403,0,0.0
user193,waveOut,25,0,0,415,0,0.0
user194,fist,25,0,0,409,0,0.0
user194,noGesture,25,0,1,475,1,0.21
user194,open,25,3,2,414,12,2.9
user194,pinch,25,0,2,545,3,0.55
user194,waveIn,25,4,4,486,19,3.91
user194,waveOut,25,0,1,419,1,0.24
user195,fist,25,0,0,664,0,0.0
user195,noGesture,25,0,0,700,0,0.0
user195,open,25,0,0,534,0,0.0
user195,pinch,25,2,6,771,15,1.95
user195,waveIn,25,0,0,695,0,0.0
user195,waveOut,25,3,0,889,14,1.57
user196,fist,25,2,0,859,6,0.7
user196,noGesture,25,1,1,875,13,1.49
user196,open,25,1,0,877,3,0.34
user196,pinch,25,1,0,978,3,0.31
user196,waveIn,25,0,0,863,0,0.0
user196,waveOut,25,5,1,994,34,3.42
user197,fist,25,0,0,333,0,0.0
user197,noGesture,25,1,1,375,15,4.0
user197,open,25,0,0,340,0,0.0
user197,pinch,25,1,1,477,4,0.84
user197,waveIn,25,0,0,381,0,0.0
user197,waveOut,25,0,0,411,0,0.0
user198,fist,25,0,0,474,0,0.0
user198,noGesture,25,0,0,475,0,0.0
user198,open,25,0,2,426,2,0.47
user198,pinch,25,0,0,412,0,0.0
user198,waveIn,25,2,2,596,11,1.85
user198,waveOut,25,1,3,578,9,1.56
user199,fist,25,0,0,540,0,0.0
user199,noGesture,25,0,2,525,3,0.57
user199,open,25,0,0,473,0,0.0
user199,pinch,25,2,1,527,9,1.71
user199,waveIn,25,5,0,522,17,3.26
user199,waveOut,25,2,0,642,13,2.02
user2,fist,25,0,7,701,10,1.43
user2,noGesture,25,0,1,675,1,0.15
user2,open,25,0,0,526,0,0.0
user2,pinch,25,0,0,755,0,0.0
user2,waveIn,25,0,0,508,0,0.0
user2,waveOut,25,8,6,767,38,4.95
user20,fist,25,0,1,696,1,0.14
user20,noGesture,25,0,0,650,0,0.0
user20,open,25,0,0,632,0,0.0
user20,pinch,25,1,0,786,3,0.38
user20,waveIn,25,0,0,653,0,0.0
user20,waveOut,25,0,0,586,0,0.0
user200,fist,25,0,1,529,1,0.19
user200,noGesture,25,1,1,550,5,0.91
user200,open,25,0,0,555,0,0.0
user200,pinch,25,0,1,600,2,0.33
user200,waveIn,25,0,0,393,0,0.0
user200,waveOut,25,0,0,671,0,0.0
user201,fist,25,0,0,456,0,0.0
user201,noGesture,25,0,1,400,1,0.25
user201,open,25,0,1,335,2,0.6
user201,pinch,25,0,0,333,0,0.0
user201,waveIn,25,0,0,421,0,0.0
user201,waveOut,25,0,0,536,0,0.0
user202,fist,25,1,1,674,6,0.89
user202,noGesture,25,0,0,600,0,0.0
user202,open,25,0,0,417,0,0.0
user202,pinch,25,0,0,620,0,0.0
user202,waveIn,25,0,1,436,1,0.23
user202,waveOut,25,0,0,774,0,0.0
user203,fist,25,0,0,662,0,0.0
user203,noGesture,25,0,0,650,0,0.0
user203,open,25,1,1,439,4,0.91
user203,pinch,25,0,2,768,3,0.39
user203,waveIn,25,2,1,841,7,0.83
user203,waveOut,25,0,0,525,0,0.0
user204,fist,25,0,0,495,0,0.0
user204,noGesture,25,0,0,475,0,0.0
user204,open,25,0,0,281,0,0.0
user204,pinch,25,1,1,627,5,0.8
user204,waveIn,25,0,0,402,0,0.0
user204,waveOut,25,0,0,590,0,0.0
user205,fist,25,0,0,651,0,0.0
user205,noGesture,25,2,1,575,13,2.26
user205,open,25,0,0,408,0,0.0
user205,pinch,25,0,0,570,0,0.0
user205,waveIn,25,0,0,650,0,0.0
user205,waveOut,25,0,0,555,0,0.0
user206,fist,25,0,1,480,1,0.21
user206,noGesture,25,0,1,350,1,0.29
user206,open,25,0,0,275,0,0.0
user206,pinch,25,1,1,486,6,1.23
user206,waveIn,25,0,0,296,0,0.0
user206,waveOut,25,0,0,386,0,0.0
user207,fist,25,0,0,601,0,0.0
user207,noGesture,25,0,0,575,0,0.0
user207,open,25,0,0,607,0,0.0
user207,pinch,25,0,1,597,1,0.17
user207,waveIn,25,0,0,484,0,0.0
user207,waveOut,25,2,3,810,20,2.47
user208,fist,25,1,2,615,6,0.98
user208,noGesture,25,2,1,600,16,2.67
user208,open,25,0,0,443,0,0.0
user208,pinch,25,0,2,621,3,0.48
user208,waveIn,25,0,0,630,0,0.0
user208,waveOut,25,0,1,623,1,0.16
user209,fist,25,0,0,589,0,0.0
user209,noGesture,25,0,0,500,0,0.0
user209,open,25,0,0,463,0,0.0
user209,pinch,25,0,0,530,0,0.0
user209,waveIn,25,0,0,514,0,0.0
user209,waveOut,25,0,0,448,0,0.0
user21,fist,25,0,0,583,0,0.0
user21,noGesture,25,1,0,600,5,0.83
user21,open,25,0,0,487,0,0.0
user21,pinch,25,0,0,783,0,0.0
user21,waveIn,25,0,1,328,2,0.61
user21,waveOut,25,0,1,703,1,0.14
user210,fist,25,0,0,524,0,0.0
user210,noGesture,25,0,0,450,0,0.0
user210,open,25,1,0,336,3,0.89
user210,pinch,25,0,0,628,0,0.0
user210,waveIn,25,0,0,423,0,0.0
user210,waveOut,25,0,0,436,0,0.0
user211,fist,25,0,0,757,0,0.0
user211,noGesture,25,0,0,650,0,0.0
user211,open,25,1,3,429,8,1.86
user211,pinch,25,0,0,672,0,0.0
user211,waveIn,25,0,0,501,0,0.0
user211,waveOut,25,0,0,793,0,0.0
user212,fist,25,3,0,734,15,2.04
user212,noGesture,25,1,1,725,14,1.93
user212,open,25,2,1,606,12,1.98
user212,pinch,25,6,2,881,40,4.54
user212,waveIn,25,5,1,685,39,5.69
user212,waveOut,25,1,1,728,4,0.55
user213,fist,25,0,0,643,0,0.0
user213,noGesture,25,0,0,625,0,0.0
user213,open,25,0,1,631,1,0.16
user213,pinch,25,0,1,605,1,0.17
user213,waveIn,25,0,0,551,0,0.0
user213,waveOut,25,0,1,634,1,0.16
user214,fist,25,0,0,503,0,0.0
user214,noGesture,25,0,0,525,0,0.0
user214,open,25,1,8,498,12,2.41
user214,pinch,25,0,0,753,0,0.0
user214,waveIn,25,0,2,409,4,0.98
user214,waveOut,25,0,1,504,1,0.2
user215,fist,25,0,0,546,0,0.0
user215,noGesture,25,0,0,575,0,0.0
user215,open,25,0,0,426,0,0.0
user215,pinch,25,0,0,576,0,0.0
user215,waveIn,25,0,0,631,0,0.0
user215,waveOut,25,0,0,698,0,0.0
user216,fist,25,0,0,724,0,0.0
user216,noGesture,25,1,1,575,6,1.04
user216,open,25,0,0,455,0,0.0
user216,pinch,25,0,2,637,2,0.31
user216,waveIn,25,0,0,580,0,0.0
user216,waveOut,25,0,0,598,0,0.0
user217,fist,25,0,0,392,0,0.0
user217,noGesture,25,2,0,425,9,2.12
user217,open,25,1,2,402,6,1.49
user217,pinch,25,0,1,409,1,0.24
user217,waveIn,25,0,5,634,7,1.1
user217,waveOut,25,1,0,410,3,0.73
user218,fist,25,0,0,524,0,0.0
user218,noGesture,25,1,0,475,3,0.63
user218,open,25,0,0,426,0,0.0
user218,pinch,25,0,0,423,0,0.0
user218,waveIn,25,0,0,485,0,0.0
user218,waveOut,25,0,3,662,5,0.76
user219,fist,25,0,0,540,0,0.0
user219,noGesture,25,0,0,450,0,0.0
user219,open,25,0,0,367,0,0.0
user219,pinch,25,0,1,363,1,0.28
user219,waveIn,25,3,0,476,9,1.89
user219,waveOut,25,0,2,590,3,0.51
user22,fist,25,0,0,325,0,0.0
user22,noGesture,25,0,0,375,0,0.0
user22,open,25,0,0,363,0,0.0
user22,pinch,25,0,0,572,0,0.0
user22,waveIn,25,1,0,306,2,0.65
user22,waveOut,25,0,0,457,0,0.0
user220,fist,25,1,1,537,5,0.93
user220,noGesture,25,0,0,600,0,0.0
user220,open,25,0,0,508,0,0.0
user220,pinch,25,1,0,590,3,0.51
user220,waveIn,25,0,1,638,2,0.31
user220,waveOut,25,0,1,712,1,0.14
user221,fist,25,1,2,282,6,2.13
user221,noGesture,25,0,0,250,0,0.0
user221,open,25,0,0,202,0,0.0
user221,pinch,25,0,0,562,0,0.0
user221,waveIn,25,0,0,179,0,0.0
user221,waveOut,25,0,0,272,0,0.0
user222,fist,25,0,2,672,4,0.6
user222,noGesture,25,0,1,600,2,0.33
user222,open,25,1,4,584,10,1.71
user222,pinch,25,0,0,521,0,0.0
user222,waveIn,25,1,2,672,6,0.89
user222,waveOut,25,0,1,690,2,0.29
user223,fist,25,0,0,719,0,0.0
user223,noGesture,25,0,0,550,0,0.0
user223,open,25,0,0,588,0,0.0
user223,pinch,25,1,0,352,3,0.85
user223,waveIn,25,3,1,493,18,3.65
user223,waveOut,25,1,2,656,9,1.37
user224,fist,25,0,0,366,0,0.0
user224,noGesture,25,1,0,375,8,2.13
user224,open,25,0,0,358,0,0.0
user224,pinch,25,0,0,419,0,0.0
user224,waveIn,25,0,0,404,0,0.0
user224,waveOut,25,0,0,312,0,0.0
user225,fist,25,0,0,521,0,0.0
user225,noGesture,25,1,1,550,5,0.91
user225,open,25,0,4,561,7,1.25
user225,pinch,25,0,1,516,1,0.19
user225,waveIn,25,17,6,666,71,10.66
user225,waveOut,25,1,1,495,6,1.21
user226,fist,25,0,0,874,0,0.0
user226,noGesture,25,0,1,900,1,0.11
user226,open,25,1,1,861,5,0.58
user226,pinch,25,0,0,759,0,0.0
user226,waveIn,25,0,2,943,2,0.21
user226,waveOut,25,0,4,1076,7,0.65
user227,fist,25,3,2,407,12,2.95
user227,noGesture,25,1,0,450,15,3.33
user227,open,25,0,0,462,0,0.0
user227,pinch,25,1,1,531,6,1.13
user227,waveIn,25,0,0,395,0,0.0
user227,waveOut,25,0,1,497,1,0.2
user228,fist,25,1,0,909,6,0.66
user228,noGesture,25,4,0,725,43,5.93
user228,open,25,3,1,922,13,1.41
user228,pinch,25,0,0,387,0,0.0
user228,waveIn,25,0,1,609,2,0.33
user228,waveOut,25,1,0,876,5,0.57
user229,fist,25,0,0,827,0,0.0
user229,noGesture,25,3,1,825,78,9.45
user229,open,25,0,0,803,0,0.0
user229,pinch,25,0,0,900,0,0.0
user229,waveIn,25,0,0,736,0,0.0
user229,waveOut,25,0,0,807,0,0.0
user23,fist,25,0,0,435,0,0.0
user23,noGesture,25,0,0,425,0,0.0
user23,open,25,0,0,376,0,0.0
user23,pinch,25,0,0,445,0,0.0
user23,waveIn,25,0,1,406,1,0.25
user23,waveOut,25,0,0,537,0,0.0
user230,fist,25,0,0,654,0,0.0
user230,noGesture,25,0,0,600,0,0.0
user230,open,25,0,0,507,0,0.0
user230,pinch,25,0,0,442,0,0.0
user230,waveIn,25,0,0,620,0,0.0
user230,waveOut,25,0,1,635,2,0.31
user231,fist,25,0,0,661,0,0.0
user231,noGesture,25,0,0,625,0,0.0
user231,open,25,0,0,570,0,0.0
user231,pinch,25,0,0,545,0,0.0
user231,waveIn,25,0,0,623,0,0.0
user231,waveOut,25,0,0,756,0,0.0
user232,fist,25,0,0,170,0,0.0
user232,noGesture,25,0,0,225,0,0.0
user232,open,25,0,0,270,0,0.0
user232,pinch,25,0,0,274,0,0.0
user232,waveIn,25,0,0,207,0,0.0
user232,waveOut,25,0,0,247,0,0.0
user233,fist,25,1,1,799,4,0.5
user233,noGesture,25,0,0,825,0,0.0
user233,open,25,0,0,747,0,0.0
user233,pinch,25,0,0,794,0,0.0
user233,waveIn,25,0,0,858,0,0.0
user233,waveOut,25,1,0,883,4,0.45
user234,fist,25,2,1,469,8,1.71
user234,noGesture,25,0,0,475,0,0.0
user234,open,25,0,0,472,0,0.0
user234,pinch,25,0,0,416,0,0.0
user234,waveIn,25,0,3,529,4,0.76
user234,waveOut,25,0,0,480,0,0.0
user235,fist,25,0,0,648,0,0.0
user235,noGesture,25,1,0,500,8,1.6
user235,open,25,0,2,430,3,0.7
user235,pinch,25,0,0,389,0,0.0
user235,waveIn,25,0,1,538,2,0.37
user235,waveOut,25,2,1,526,10,1.9
user236,fist,25,0,0,454,0,0.0
user236,noGesture,25,1,1,500,7,1.4
user236,open,25,0,0,506,0,0.0
user236,pinch,25,0,0,407,0,0.0
user236,waveIn,25,0,0,543,0,0.0
user236,waveOut,25,4,3,687,20,2.91
user237,fist,25,0,0,272,0,0.0
user237,noGesture,25,0,0,325,0,0.0
user237,open,25,1,1,306,5,1.63
user237,pinch,25,0,0,314,0,0.0
user237,waveIn,25,0,0,436,0,0.0
user237,waveOut,25,0,0,393,0,0.0
user238,fist,25,3,3,921,23,2.5
user238,noGesture,25,0,0,575,0,0.0
user238,open,25,1,0,513,3,0.58
user238,pinch,25,0,0,524,0,0.0
user238,waveIn,25,1,0,679,4,0.59
user238,waveOut,25,0,1,599,1,0.17
user239,fist,25,0,1,545,2,0.37
user239,noGesture,25,2,0,475,22,4.63
user239,open,25,2,1,514,14,2.72
user239,pinch,25,0,0,302,0,0.0
user239,waveIn,25,2,1,517,12,2.32
user239,waveOut,25,0,0,638,0,0.0
user24,fist,25,0,0,699,0,0.0
user24,noGesture,25,1,0,550,3,0.55
user24,open,25,0,1,485,1,0.21
user24,pinch,25,0,0,409,0,0.0
user24,waveIn,25,0,2,550,4,0.73
user24,waveOut,25,0,3,631,4,0.63
user240,fist,25,0,0,183,0,0.0
user240,noGesture,25,1,1,225,5,2.22
user240,open,25,0,0,193,0,0.0
user240,pinch,25,0,0,363,0,0.0
user240,waveIn,25,1,1,210,3,1.43
user240,waveOut,25,0,0,332,0,0.0
user241,fist,25,0,0,551,0,0.0
user241,noGesture,25,0,0,525,0,0.0
user241,open,25,0,0,469,0,0.0
user241,pinch,25,0,0,430,0,0.0
user241,waveIn,25,0,0,625,0,0.0
user241,waveOut,25,0,0,577,0,0.0
user242,fist,25,0,0,850,0,0.0
user242,noGesture,25,4,1,900,32,3.56
user242,open,25,0,2,870,2,0.23
user242,pinch,25,0,0,819,0,0.0
user242,waveIn,25,0,0,803,0,0.0
user242,waveOut,25,0,0,878,0,0.0
user243,fist,25,0,0,480,0,0.0
user243,noGesture,25,2,0,750,50,6.67
user243,open,25,0,0,572,0,0.0
user243,pinch,25,0,0,824,0,0.0
user243,waveIn,25,0,0,852,0,0.0
user243,waveOut,25,0,0,970,0,0.0
user244,fist,25,0,0,444,0,0.0
user244,noGesture,25,0,0,500,0,0.0
user244,open,25,2,0,424,9,2.12
user244,pinch,25,0,0,581,0,0.0
user244,waveIn,25,0,0,529,0,0.0
user244,waveOut,25,0,0,570,0,0.0
user245,fist,25,3,1,739,17,2.3
user245,noGesture,25,6,1,675,91,13.48
user245,open,25,0,1,608,1,0.16
user245,pinch,25,0,1,531,1,0.19
user245,waveIn,25,1,2,799,6,0.75
user245,waveOut,25,0,0,662,0,0.0
user246,fist,25,0,2,673,2,0.3
user246,noGesture,25,2,0,825,17,2.06
user246,open,25,0,0,673,0,0.0
user246,pinch,25,1,1,724,7,0.97
user246,waveIn,25,0,0,933,0,0.0
user246,waveOut,25,0,0,1028,0,0.0
user247,fist,25,0,0,504,0,0.0
user247,noGesture,25,1,1,575,18,3.13
user247,open,25,0,4,401,6,1.5
user247,pinch,25,0,0,629,0,0.0
user247,waveIn,25,0,0,684,0,0.0
user247,waveOut,25,0,1,680,1,0.15
user248,fist,25,0,0,804,0,0.0
user248,noGesture,25,0,1,725,1,0.14
user248,open,25,0,0,729,0,0.0
user248,pinch,25,0,0,761,0,0.0
user248,waveIn,25,0,0,693,0,0.0
user248,waveOut,25,0,0,793,0,0.0
user249,fist,25,0,0,272,0,0.0
user249,noGesture,25,3,0,300,16,5.33
user249,open,25,0,0,184,0,0.0
user249,pinch,25,0,1,364,2,0.55
user249,waveIn,25,0,0,332,0,0.0
user249,waveOut,25,0,0,270,0,0.0
user25,fist,25,0,3,518,4,0.77
user25,noGesture,25,0,2,600,2,0.33
user25,open,25,0,0,513,0,0.0
user25,pinch,25,0,0,658,0,0.0
user25,waveIn,25,1,0,624,4,0.64
user25,waveOut,25,0,0,653,0,0.0
user250,fist,25,0,2,726,2,0.28
user250,noGesture,25,1,0,650,25,3.85
user250,open,25,0,0,537,0,0.0
user250,pinch,25,0,0,720,0,0.0
user250,waveIn,25,1,4,716,8,1.12
user250,waveOut,25,3,0,679,9,1.33
user251,fist,25,0,0,327,0,0.0
user251,noGesture,25,0,1,250,2,0.8
user251,open,25,0,0,229,0,0.0
user251,pinch,25,0,0,254,0,0.0
user251,waveIn,25,0,1,188,1,0.53
user251,waveOut,25,1,1,278,4,1.44
user252,fist,25,0,0,840,0,0.0
user252,noGesture,25,0,0,850,0,0.0
user252,open,25,0,5,848,8,0.94
user252,pinch,25,0,0,781,0,0.0
user252,waveIn,25,0,5,900,8,0.89
user252,waveOut,25,0,0,809,0,0.0
user253,fist,25,1,0,779,3,0.39
user253,noGesture,25,0,0,900,0,0.0
user253,open,25,0,2,775,3,0.39
user253,pinch,25,0,0,742,0,0.0
user253,waveIn,25,0,1,825,1,0.12
user253,waveOut,25,0,0,892,0,0.0
user254,fist,25,2,2,800,10,1.25
user254,noGesture,25,1,0,850,13,1.53
user254,open,25,1,0,851,3,0.35
user254,pinch,25,0,0,790,0,0.0
user254,waveIn,25,0,0,798,0,0.0
user254,waveOut,25,0,1,840,2,0.24
user255,fist,25,0,0,563,0,0.0
user255,noGesture,25,1,0,525,9,1.71
user255,open,25,0,0,515,0,0.0
user255,pinch,25,0,0,507,0,0.0
user255,waveIn,25,0,2,546,2,0.37
user255,waveOut,25,0,1,539,1,0.19
user256,fist,25,0,0,479,0,0.0
user256,noGesture,25,0,0,500,0,0.0
user256,open,25,0,0,525,0,0.0
user256,pinch,25,0,0,523,0,0.0
user256,waveIn,25,0,0,517,0,0.0
user256,waveOut,25,0,0,509,0,0.0
user257,fist,25,0,0,584,0,0.0
user257,noGesture,25,1,1,575,18,3.13
user257,open,25,0,0,447,0,0.0
user257,pinch,25,0,0,700,0,0.0
user257,waveIn,25,0,0,654,0,0.0
user257,waveOut,25,0,0,526,0,0.0
user258,fist,25,0,0,519,0,0.0
user258,noGesture,25,1,0,550,22,4.0
user258,open,25,0,0,528,0,0.0
user258,pinch,25,0,4,612,5,0.82
user258,waveIn,25,1,0,642,4,0.62
user258,waveOut,25,0,0,529,0,0.0
user259,fist,25,0,0,737,0,0.0
user259,noGesture,25,0,0,675,0,0.0
user259,open,25,0,0,580,0,0.0
user259,pinch,25,0,0,876,0,0.0
user259,waveIn,25,0,1,706,1,0.14
user259,waveOut,25,0,0,398,0,0.0
user26,fist,25,1,0,432,3,0.69
user26,noGesture,25,2,0,425,10,2.35
user26,open,25,0,0,353,0,0.0
user26,pinch,25,0,1,417,1,0.24
user26,waveIn,25,0,1,466,1,0.21
user26,waveOut,25,0,0,502,0,0.0
user260,fist,25,0,0,865,0,0.0
user260,noGesture,25,3,1,725,20,2.76
user260,open,25,0,0,648,0,0.0
user260,pinch,25,0,3,822,5,0.61
user260,waveIn,25,0,0,712,0,0.0
user260,waveOut,25,0,0,543,0,0.0
user261,fist,25,0,0,638,0,0.0
user261,noGesture,25,2,0,675,39,5.78
user261,open,25,0,0,669,0,0.0
user261,pinch,25,0,0,622,0,0.0
user261,waveIn,25,4,9,928,35,3.77
user261,waveOut,25,0,0,571,0,0.0
user262,fist,25,5,4,762,28,3.67
user262,noGesture,25,0,0,650,0,0.0
user262,open,25,0,0,522,0,0.0
user262,pinch,25,0,0,552,0,0.0
user262,waveIn,25,6,10,785,40,5.1
user262,waveOut,25,1,4,562,9,1.6
user263,fist,25,0,0,589,0,0.0
user263,noGesture,25,4,0,550,46,8.36
user263,open,25,0,0,481,0,0.0
user263,pinch,25,0,1,475,1,0.21
user263,waveIn,25,0,1,593,1,0.17
user263,waveOut,25,0,0,729,0,0.0
user264,fist,25,0,0,747,0,0.0
user264,noGesture,25,3,1,675,54,8.0
user264,open,25,0,0,432,0,0.0
user264,pinch,25,0,0,624,0,0.0
user264,waveIn,25,0,0,913,0,0.0
user264,waveOut,25,0,1,768,1,0.13
user265,fist,25,0,0,743,0,0.0
user265,noGesture,25,3,0,775,51,6.58
user265,open,25,0,1,659,2,0.3
user265,pinch,25,0,0,914,0,0.0
user265,waveIn,25,0,0,642,0,0.0
user265,waveOut,25,1,0,912,3,0.33
user266,fist,25,2,1,705,9,1.28
user266,noGesture,25,0,0,675,0,0.0
user266,open,25,0,0,580,0,0.0
user266,pinch,25,3,3,617,14,2.27
user266,waveIn,25,0,0,755,0,0.0
user266,waveOut,25,1,2,702,7,1.0
user267,fist,25,0,1,469,1,0.21
user267,noGesture,25,0,0,450,0,0.0
user267,open,25,0,0,337,0,0.0
user267,pinch,25,1,2,637,7,1.1
user267,waveIn,25,0,1,323,1,0.31
user267,waveOut,25,1,2,501,5,1.0
user268,fist,25,0,0,719,0,0.0
user268,noGesture,25,0,1,550,1,0.18
user268,open,25,0,0,436,0,0.0
user268,pinch,25,0,0,555,0,0.0
user268,waveIn,25,1,1,604,4,0.66
user268,waveOut,25,0,0,466,0,0.0
user269,fist,25,0,0,227,0,0.0
user269,noGesture,25,0,0,250,0,0.0
user269,open,25,0,0,299,0,0.0
user269,pinch,25,0,1,324,1,0.31
user269,waveIn,25,1,1,236,3,1.27
user269,waveOut,25,2,1,250,7,2.8
user27,fist,25,0,0,764,0,0.0
user27,noGesture,25,3,0,850,26,3.06
user27,open,25,0,0,573,0,0.0
user27,pinch,25,0,1,867,2,0.23
user27,waveIn,25,0,0,1009,0,0.0
user27,waveOut,25,0,0,1003,0,0.0
user270,fist,25,0,0,524,0,0.0
user270,noGesture,25,0,0,450,0,0.0
user270,open,25,1,0,412,3,0.73
user270,pinch,25,1,0,410,3,0.73
user270,waveIn,25,2,3,679,13,1.91
user270,waveOut,25,0,0,427,0,0.0
user271,fist,25,0,0,650,0,0.0
user271,noGesture,25,0,0,600,0,0.0
user271,open,25,3,0,555,21,3.78
user271,pinch,25,0,0,621,0,0.0
user271,waveIn,25,4,4,539,27,5.01
user271,waveOut,25,0,2,694,4,0.58
user272,fist,25,0,0,596,0,0.0
user272,noGesture,25,1,0,575,4,0.7
user272,open,25,0,0,527,0,0.0
user272,pinch,25,2,1,714,8,1.12
user272,waveIn,25,0,0,399,0,0.0
user272,waveOut,25,0,0,485,0,0.0
user273,fist,25,0,0,509,0,0.0
user273,noGesture,25,0,0,450,0,0.0
user273,open,25,0,1,323,1,0.31
user273,pinch,25,0,0,524,0,0.0
user273,waveIn,25,0,0,535,0,0.0
user273,waveOut,25,0,0,417,0,0.0
user274,fist,25,0,0,381,0,0.0
user274,noGesture,25,2,0,300,22,7.33
user274,open,25,0,0,258,0,0.0
user274,pinch,25,0,0,303,0,0.0
user274,waveIn,25,0,0,256,0,0.0
user274,waveOut,25,0,0,315,0,0.0
user275,fist,25,0,0,431,0,0.0
user275,noGesture,25,1,0,400,12,3.0
user275,open,25,0,0,191,0,0.0
user275,pinch,25,0,1,501,1,0.2
user275,waveIn,25,1,2,440,6,1.36
user275,waveOut,25,0,1,434,1,0.23
user276,fist,25,0,0,583,0,0.0
user276,noGesture,25,0,0,525,0,0.0
user276,open,25,1,3,447,7,1.57
user276,pinch,25,0,0,700,0,0.0
user276,waveIn,25,0,0,574,0,0.0
user276,waveOut,25,2,2,531,11,2.07
user277,fist,25,0,0,348,0,0.0
user277,noGesture,25,2,0,400,16,4.0
user277,open,25,1,0,342,8,2.34
user277,pinch,25,3,0,490,11,2.24
user277,waveIn,25,0,0,381,0,0.0
user277,waveOut,25,1,0,482,5,1.04
user278,fist,25,0,0,685,0,0.0
user278,noGesture,25,0,0,575,0,0.0
user278,open,25,0,0,530,0,0.0
user278,pinch,25,0,0,596,0,0.0
user278,waveIn,25,0,0,467,0,0.0
user278,waveOut,25,0,0,661,0,0.0
user279,fist,25,0,1,563,1,0.18
user279,noGesture,25,3,0,450,16,3.56
user279,open,25,1,0,340,6,1.76
user279,pinch,25,0,0,562,0,0.0
user279,waveIn,25,1,0,483,4,0.83
user279,waveOut,25,2,0,412,6,1.46
user28,fist,25,0,0,620,0,0.0
user28,noGesture,25,0,0,600,0,0.0
user28,open,25,2,1,503,8,1.59
user28,pinch,25,1,2,781,6,0.77
user28,waveIn,25,4,6,599,28,4.67
user28,waveOut,25,0,0,620,0,0.0
user280,fist,25,0,0,357,0,0.0
user280,noGesture,25,0,0,325,0,0.0
user280,open,25,0,0,239,0,0.0
user280,pinch,25,0,0,318,0,0.0
user280,waveIn,25,0,2,402,3,0.75
user280,waveOut,25,0,1,316,1,0.32
user281,fist,25,0,0,424,0,0.0
user281,noGesture,25,1,0,425,13,3.06
user281,open,25,0,0,355,0,0.0
user281,pinch,25,0,0,369,0,0.0
user281,waveIn,25,0,0,509,0,0.0
user281,waveOut,25,0,0,651,0,0.0
user282,fist,25,0,0,521,0,0.0
user282,noGesture,25,0,1,550,1,0.18
user282,open,25,1,2,494,6,1.21
user282,pinch,25,1,0,551,5,0.91
user282,waveIn,25,9,2,800,54,6.75
user282,waveOut,25,5,0,550,19,3.45
user283,fist,25,0,0,640,0,0.0
user283,noGesture,25,1,0,575,4,0.7
user283,open,25,0,0,432,0,0.0
user283,pinch,25,0,0,646,0,0.0
user283,waveIn,25,0,0,609,0,0.0
user283,waveOut,25,0,1,624,1,0.16
user284,fist,25,0,0,398,0,0.0
user284,noGesture,25,3,0,400,26,6.5
user284,open,25,0,0,418,0,0.0
user284,pinch,25,0,0,419,0,0.0
user284,waveIn,25,0,0,406,0,0.0
user284,waveOut,25,0,1,305,1,0.33
user285,fist,25,0,2,795,2,0.25
user285,noGesture,25,0,0,800,0,0.0
user285,open,25,0,0,763,0,0.0
user285,pinch,25,0,1,749,1,0.13
user285,waveIn,25,0,0,719,0,0.0
user285,waveOut,25,0,2,796,3,0.38
user286,fist,25,0,0,260,0,0.0
user286,noGesture,25,0,0,300,0,0.0
user286,open,25,2,3,314,10,3.18
user286,pinch,25,0,1,345,2,0.58
user286,waveIn,25,0,0,335,0,0.0
user286,waveOut,25,0,1,265,1,0.38
user287,fist,25,0,0,604,0,0.0
user287,noGesture,25,0,0,525,0,0.0
user287,open,25,0,1,474,2,0.42
user287,pinch,25,1,0,429,4,0.93
user287,waveIn,25,0,0,550,0,0.0
user287,waveOut,25,0,1,647,2,0.31
user288,fist,25,0,0,722,0,0.0
user288,noGesture,25,0,0,675,0,0.0
user288,open,25,0,1,686,1,0.15
user288,pinch,25,0,1,818,2,0.24
user288,waveIn,25,0,0,640,0,0.0
user288,waveOut,25,0,0,711,0,0.0
user289,fist,25,0,0,313,0,0.0
user289,noGesture,25,4,1,300,26,8.67
user289,open,25,0,0,230,0,0.0
user289,pinch,25,0,0,360,0,0.0
user289,waveIn,25,0,0,330,0,0.0
user289,waveOut,25,0,0,258,0,0.0
user29,fist,25,0,0,503,0,0.0
user29,noGesture,25,0,0,475,0,0.0
user29,open,25,0,0,466,0,0.0
user29,pinch,25,0,0,467,0,0.0
user29,waveIn,25,0,0,487,0,0.0
user29,waveOut,25,0,0,475,0,0.0
user290,fist,25,0,1,747,1,0.13
user290,noGesture,25,0,0,625,0,0.0
user290,open,25,0,0,490,0,0.0
user290,pinch,25,1,2,654,9,1.38
user290,waveIn,25,0,0,527,0,0.0
user290,waveOut,25,0,0,746,0,0.0
user291,fist,25,0,0,417,0,0.0
user291,noGesture,25,0,1,400,3,0.75
user291,open,25,0,0,561,0,0.0
user291,pinch,25,0,0,350,0,0.0
user291,waveIn,25,0,0,430,0,0.0
user291,waveOut,25,0,0,327,0,0.0
user292,fist,25,3,6,619,17,2.75
user292,noGesture,25,1,0,675,4,0.59
user292,open,25,0,0,521,0,0.0
user292,pinch,25,0,0,652,0,0.0
user292,waveIn,25,9,3,933,43,4.61
user292,waveOut,25,0,1,908,1,0.11
user293,fist,25,1,1,508,5,0.98
user293,noGesture,25,1,0,450,4,0.89
user293,open,25,0,1,493,1,0.2
user293,pinch,25,0,1,413,1,0.24
user293,waveIn,25,0,0,397,0,0.0
user293,waveOut,25,0,1,519,1,0.19
user294,fist,25,0,0,566,0,0.0
user294,noGesture,25,0,1,600,2,0.33
user294,open,25,0,0,634,0,0.0
user294,pinch,25,0,0,724,0,0.0
user294,waveIn,25,0,0,485,0,0.0
user294,waveOut,25,0,0,586,0,0.0
user295,fist,25,0,0,630,0,0.0
user295,noGesture,25,3,0,575,40,6.96
user295,open,25,0,0,411,0,0.0
user295,pinch,25,1,1,579,4,0.69
user295,waveIn,25,2,2,674,11,1.63
user295,waveOut,25,2,1,622,10,1.61
user296,fist,25,0,0,470,0,0.0
user296,noGesture,25,0,0,475,0,0.0
user296,open,25,2,4,515,13,2.52
user296,pinch,25,0,0,564,0,0.0
user296,waveIn,25,2,3,527,11,2.09
user296,waveOut,25,0,1,390,1,0.26
user297,fist,25,0,0,515,0,0.0
user297,noGesture,25,3,0,575,36,6.26
user297,open,25,0,0,509,0,0.0
user297,pinch,25,0,0,564,0,0.0
user297,waveIn,25,0,0,637,0,0.0
user297,waveOut,25,0,0,604,0,0.0
user298,fist,25,0,0,351,0,0.0
user298,noGesture,25,1,0,300,5,1.67
user298,open,25,1,1,223,4,1.79
user298,pinch,25,0,0,292,0,0.0
user298,waveIn,25,0,1,349,1,0.29
user298,waveOut,25,1,0,277,3,1.08
user299,fist,25,0,0,380,0,0.0
user299,noGesture,25,0,0,375,0,0.0
user299,open,25,0,0,338,0,0.0
user299,pinch,25,0,0,464,0,0.0
user299,waveIn,25,0,0,454,0,0.0
user299,waveOut,25,0,0,442,0,0.0
user3,fist,25,0,0,467,0,0.0
user3,noGesture,25,0,0,525,0,0.0
user3,open,25,0,0,480,0,0.0
user3,pinch,25,0,0,635,0,0.0
user3,waveIn,25,0,0,668,0,0.0
user3,waveOut,25,3,3,507,28,5.52
user30,fist,25,0,0,518,0,0.0
user30,noGesture,25,2,0,500,26,5.2
user30,open,25,0,0,484,0,0.0
user30,pinch,25,0,0,455,0,0.0
user30,waveIn,25,8,4,496,36,7.26
user30,waveOut,25,0,1,520,2,0.38
user300,fist,25,5,2,712,22,3.09
user300,noGesture,25,1,2,700,5,0.71
user300,open,25,0,0,524,0,0.0
user300,pinch,25,1,5,860,12,1.4
user300,waveIn,25,5,3,808,21,2.6
user300,waveOut,25,2,0,559,6,1.07
user301,fist,25,0,0,511,0,0.0
user301,noGesture,25,2,0,500,10,2.0
user301,open,25,0,0,393,0,0.0
user301,pinch,25,0,0,397,0,0.0
user301,waveIn,25,1,1,549,4,0.73
user301,waveOut,25,0,0,668,0,0.0
user302,fist,25,1,2,486,8,1.65
user302,noGesture,25,1,1,425,12,2.82
user302,open,25,0,0,392,0,0.0
user302,pinch,25,0,0,427,0,0.0
user302,waveIn,25,0,0,473,0,0.0
user302,waveOut,25,0,0,365,0,0.0
user303,fist,25,0,1,476,2,0.42
user303,noGesture,25,2,0,425,21,4.94
user303,open,25,0,0,453,0,0.0
user303,pinch,25,0,0,414,0,0.0
user303,waveIn,25,0,0,445,0,0.0
user303,waveOut,25,0,0,395,0,0.0
user304,fist,25,0,0,597,0,0.0
user304,noGesture,25,2,1,575,48,8.35
user304,open,25,0,0,534,0,0.0
user304,pinch,25,1,2,474,6,1.27
user304,waveIn,25,3,1,737,14,1.9
user304,waveOut,25,0,0,712,0,0.0
user305,fist,25,0,0,447,0,0.0
user305,noGesture,25,0,0,450,0,0.0
user305,open,25,3,1,441,13,2.95
user305,pinch,25,0,0,570,0,0.0
user305,waveIn,25,2,4,398,13,3.27
user305,waveOut,25,0,1,464,2,0.43
user306,fist,25,0,0,435,0,0.0
user306,noGesture,25,0,0,400,0,0.0
user306,open,25,0,0,280,0,0.0
user306,pinch,25,0,0,473,0,0.0
user306,waveIn,25,0,0,299,0,0.0
user306,waveOut,25,0,0,455,0,0.0
user31,fist,25,0,0,442,0,0.0
user31,noGesture,25,1,0,425,17,4.0
user31,open,25,0,1,399,1,0.25
user31,pinch,25,2,0,349,7,2.01
user31,waveIn,25,0,0,575,0,0.0
user31,waveOut,25,0,0,419,0,0.0
user32,fist,25,0,0,499,0,0.0
user32,noGesture,25,2,0,525,17,3.24
user32,open,25,0,0,536,0,0.0
user32,pinch,25,1,0,582,3,0.52
user32,waveIn,25,0,3,383,4,1.04
user32,waveOut,25,0,0,509,0,0.0
user33,fist,25,0,0,524,0,0.0
user33,noGesture,25,0,0,425,0,0.0
user33,open,25,0,1,443,2,0.45
user33,pinch,25,0,0,469,0,0.0
user33,waveIn,25,0,0,249,0,0.0
user33,waveOut,25,0,0,424,0,0.0
user34,fist,25,1,0,594,4,0.67
user34,noGesture,25,0,0,500,0,0.0
user34,open,25,0,0,402,0,0.0
user34,pinch,25,0,2,500,3,0.6
user34,waveIn,25,0,0,535,0,0.0
user34,waveOut,25,0,0,502,0,0.0
user35,fist,25,0,0,472,0,0.0
user35,noGesture,25,0,0,400,0,0.0
user35,open,25,0,1,419,2,0.48
user35,pinch,25,0,0,354,0,0.0
user35,waveIn,25,0,0,332,0,0.0
user35,waveOut,25,0,0,479,0,0.0
user36,fist,25,1,1,714,5,0.7
user36,noGesture,25,0,0,675,0,0.0
user36,open,25,0,0,573,0,0.0
user36,pinch,25,0,0,557,0,0.0
user36,waveIn,25,4,3,746,20,2.68
user36,waveOut,25,2,4,754,17,2.25
user37,fist,25,0,0,549,0,0.0
user37,noGesture,25,0,0,400,0,0.0
user37,open,25,0,0,401,0,0.0
user37,pinch,25,0,0,404,0,0.0
user37,waveIn,25,0,0,465,0,0.0
user37,waveOut,25,0,0,350,0,0.0
user38,fist,25,0,0,424,0,0.0
user38,noGesture,25,0,2,350,2,0.57
user38,open,25,0,0,292,0,0.0
user38,pinch,25,0,0,315,0,0.0
user38,waveIn,25,0,0,390,0,0.0
user38,waveOut,25,0,2,354,4,1.13
user39,fist,25,0,0,552,0,0.0
user39,noGesture,25,0,0,525,0,0.0
user39,open,25,2,1,405,15,3.7
user39,pinch,25,2,0,523,7,1.34
user39,waveIn,25,0,1,583,1,0.17
user39,waveOut,25,0,1,616,1,0.16
user4,fist,25,0,0,645,0,0.0
user4,noGesture,25,0,0,625,0,0.0
user4,open,25,0,1,538,1,0.19
user4,pinch,25,0,1,630,1,0.16
user4,waveIn,25,1,0,703,3,0.43
user4,waveOut,25,0,0,777,0,0.0
user40,fist,25,0,0,617,0,0.0
user40,noGesture,25,2,0,600,15,2.5
user40,open,25,0,1,578,2,0.35
user40,pinch,25,0,0,598,0,0.0
user40,waveIn,25,0,0,629,0,0.0
user40,waveOut,25,0,0,497,0,0.0
user41,fist,25,0,0,531,0,0.0
user41,noGesture,25,0,0,525,0,0.0
user41,open,25,0,1,473,2,0.42
user41,pinch,25,0,1,682,2,0.29
user41,waveIn,25,0,0,606,0,0.0
user41,waveOut,25,0,0,473,0,0.0
user42,fist,25,0,0,744,0,0.0
user42,noGesture,25,1,0,675,7,1.04
user42,open,25,0,0,627,0,0.0
user42,pinch,25,0,0,746,0,0.0
user42,waveIn,25,0,0,353,0,0.0
user42,waveOut,25,0,0,763,0,0.0
user43,fist,25,0,0,962,0,0.0
user43,noGesture,25,0,0,950,0,0.0
user43,open,25,1,0,960,4,0.42
user43,pinch,25,0,0,915,0,0.0
user43,waveIn,25,0,0,891,0,0.0
user43,waveOut,25,0,0,982,0,0.0
user44,fist,25,0,0,677,0,0.0
user44,noGesture,25,0,0,625,0,0.0
user44,open,25,0,0,541,0,0.0
user44,pinch,25,0,0,785,0,0.0
user44,waveIn,25,0,0,491,0,0.0
user44,waveOut,25,0,0,603,0,0.0
user45,fist,25,0,0,563,0,0.0
user45,noGesture,25,0,0,575,0,0.0
user45,open,25,0,0,484,0,0.0
user45,pinch,25,1,2,820,6,0.73
user45,waveIn,25,0,0,513,0,0.0
user45,waveOut,25,0,0,666,0,0.0
user46,fist,25,0,0,586,0,0.0
user46,noGesture,25,0,0,500,0,0.0
user46,open,25,0,2,460,4,0.87
user46,pinch,25,0,1,477,1,0.21
user46,waveIn,25,1,1,616,5,0.81
user46,waveOut,25,1,2,513,7,1.36
user47,fist,25,0,0,713,0,0.0
user47,noGesture,25,1,0,675,6,0.89
user47,open,25,0,0,505,0,0.0
user47,pinch,25,0,0,879,0,0.0
user47,waveIn,25,0,0,583,0,0.0
user47,waveOut,25,0,0,719,0,0.0
user48,fist,25,0,0,524,0,0.0
user48,noGesture,25,2,1,525,22,4.19
user48,open,25,0,0,582,0,0.0
user48,pinch,25,0,1,510,1,0.2
user48,waveIn,25,0,0,503,0,0.0
user48,waveOut,25,3,2,614,11,1.79
user49,fist,25,0,0,419,0,0.0
user49,noGesture,25,0,0,425,0,0.0
user49,open,25,0,0,462,0,0.0
user49,pinch,25,1,2,438,6,1.37
user49,waveIn,25,0,0,446,0,0.0
user49,waveOut,25,0,0,405,0,0.0
user5,fist,25,0,0,601,0,0.0
user5,noGesture,25,0,0,600,0,0.0
user5,open,25,0,0,558,0,0.0
user5,pinch,25,0,1,566,2,0.35
user5,waveIn,25,0,0,597,0,0.0
user5,waveOut,25,0,0,706,0,0.0
user50,fist,25,0,0,455,0,0.0
user50,noGesture,25,1,1,400,4,1.0
user50,open,25,0,2,348,3,0.86
user50,pinch,25,0,0,494,0,0.0
user50,waveIn,25,1,1,467,6,1.28
user50,waveOut,25,0,1,313,1,0.32
user51,fist,25,0,0,510,0,0.0
user51,noGesture,25,1,2,550,7,1.27
user51,open,25,0,0,593,0,0.0
user51,pinch,25,0,0,712,0,0.0
user51,waveIn,25,0,1,308,1,0.32
user51,waveOut,25,0,0,570,0,0.0
user52,fist,25,0,0,664,0,0.0
user52,noGesture,25,0,0,675,0,0.0
user52,open,25,0,0,546,0,0.0
user52,pinch,25,0,0,861,0,0.0
user52,waveIn,25,1,0,570,18,3.16
user52,waveOut,25,0,1,733,1,0.14
user53,fist,25,0,2,614,2,0.33
user53,noGesture,25,2,2,575,22,3.83
user53,open,25,0,0,524,0,0.0
user53,pinch,25,0,0,578,0,0.0
user53,waveIn,25,0,1,531,1,0.19
user53,waveOut,25,0,0,586,0,0.0
user54,fist,25,0,0,527,0,0.0
user54,noGesture,25,0,0,425,0,0.0
user54,open,25,0,0,338,0,0.0
user54,pinch,25,0,0,657,0,0.0
user54,waveIn,25,0,0,292,0,0.0
user54,waveOut,25,0,1,456,1,0.22
user55,fist,25,0,0,652,0,0.0
user55,noGesture,25,0,1,625,2,0.32
user55,open,25,0,0,656,0,0.0
user55,pinch,25,0,4,716,8,1.12
user55,waveIn,25,0,0,371,0,0.0
user55,waveOut,25,0,1,618,1,0.16
user56,fist,25,2,0,645,10,1.55
user56,noGesture,25,0,2,675,6,0.89
user56,open,25,0,0,554,0,0.0
user56,pinch,25,0,2,731,2,0.27
user56,waveIn,25,0,1,758,2,0.26
user56,waveOut,25,1,0,659,3,0.46
user57,fist,25,0,0,504,0,0.0
user57,noGesture,25,1,0,500,4,0.8
user57,open,25,0,0,403,0,0.0
user57,pinch,25,0,0,621,0,0.0
user57,waveIn,25,0,0,588,0,0.0
user57,waveOut,25,0,0,507,0,0.0
user58,fist,25,0,0,731,0,0.0
user58,noGesture,25,0,2,725,3,0.41
user58,open,25,3,1,780,12,1.54
user58,pinch,25,0,0,759,0,0.0
user58,waveIn,25,0,1,701,2,0.29
user58,waveOut,25,0,0,759,0,0.0
user59,fist,25,0,0,430,0,0.0
user59,noGesture,25,0,0,400,0,0.0
user59,open,25,0,0,347,0,0.0
user59,pinch,25,1,1,363,4,1.1
user59,waveIn,25,0,1,389,1,0.26
user59,waveOut,25,0,2,479,4,0.84
user6,fist,25,0,0,612,0,0.0
user6,noGesture,25,0,1,525,1,0.19
user6,open,25,0,0,529,0,0.0
user6,pinch,25,0,0,401,0,0.0
user6,waveIn,25,0,0,515,0,0.0
user6,waveOut,25,0,0,512,0,0.0
user60,fist,25,0,0,574,0,0.0
user60,noGesture,25,0,0,550,0,0.0
user60,open,25,0,1,402,1,0.25
user60,pinch,25,0,2,521,4,0.77
user60,waveIn,25,0,1,729,1,0.14
user60,waveOut,25,0,0,640,0,0.0
user61,fist,25,0,1,654,1,0.15
user61,noGesture,25,0,0,700,0,0.0
user61,open,25,1,0,606,3,0.5
user61,pinch,25,0,1,733,1,0.14
user61,waveIn,25,1,5,793,11,1.39
user61,waveOut,25,0,2,744,3,0.4
user62,fist,25,0,0,883,0,0.0
user62,noGesture,25,0,0,700,0,0.0
user62,open,25,0,0,729,0,0.0
user62,pinch,25,0,0,596,0,0.0
user62,waveIn,25,2,1,620,11,1.77
user62,waveOut,25,0,1,824,2,0.24
user63,fist,25,2,0,641,8,1.25
user63,noGesture,25,0,0,475,0,0.0
user63,open,25,0,1,376,1,0.27
user63,pinch,25,0,0,647,0,0.0
user63,waveIn,25,0,0,353,0,0.0
user63,waveOut,25,3,3,475,15,3.16
user64,fist,25,0,0,897,0,0.0
user64,noGesture,25,0,0,750,0,0.0
user64,open,25,1,0,723,4,0.55
user64,pinch,25,0,1,945,1,0.11
user64,waveIn,25,0,0,577,0,0.0
user64,waveOut,25,0,0,771,0,0.0
user65,fist,25,0,3,773,4,0.52
user65,noGesture,25,0,1,700,1,0.14
user65,open,25,1,1,519,5,0.96
user65,pinch,25,1,0,744,3,0.4
user65,waveIn,25,0,1,726,2,0.28
user65,waveOut,25,0,1,666,1,0.15
user66,fist,25,0,0,532,0,0.0
user66,noGesture,25,0,0,525,0,0.0
user66,open,25,0,0,484,0,0.0
user66,pinch,25,0,0,550,0,0.0
user66,waveIn,25,0,0,558,0,0.0
user66,waveOut,25,0,1,777,1,0.13
user67,fist,25,1,2,551,10,1.81
user67,noGesture,25,3,0,475,27,5.68
user67,open,25,0,0,337,0,0.0
user67,pinch,25,2,0,521,12,2.3
user67,waveIn,25,2,4,586,11,1.88
user67,waveOut,25,0,0,474,0,0.0
user68,fist,25,0,0,319,0,0.0
user68,noGesture,25,3,0,325,39,12.0
user68,open,25,0,0,220,0,0.0
user68,pinch,25,0,0,375,0,0.0
user68,waveIn,25,1,1,245,4,1.63
user68,waveOut,25,0,2,390,3,0.77
user69,fist,25,0,0,582,0,0.0
user69,noGesture,25,0,1,600,1,0.17
user69,open,25,0,0,590,0,0.0
user69,pinch,25,0,0,744,0,0.0
user69,waveIn,25,0,2,551,4,0.73
user69,waveOut,25,0,0,622,0,0.0
user7,fist,25,0,0,402,0,0.0
user7,noGesture,25,0,0,475,0,0.0
user7,open,25,0,0,541,0,0.0
user7,pinch,25,0,0,538,0,0.0
user7,waveIn,25,0,1,373,1,0.27
user7,waveOut,25,2,1,522,9,1.72
user70,fist,25,2,2,796,11,1.38
user70,noGesture,25,0,0,700,0,0.0
user70,open,25,0,1,586,2,0.34
user70,pinch,25,0,0,699,0,0.0
user70,waveIn,25,2,0,687,6,0.87
user70,waveOut,25,2,3,739,14,1.89
user71,fist,25,16,6,918,91,9.91
user71,noGesture,25,0,0,800,0,0.0
user71,open,25,2,3,675,10,1.48
user71,pinch,25,0,0,613,0,0.0
user71,waveIn,25,0,0,950,0,0.0
user71,waveOut,25,5,0,862,29,3.36
user72,fist,25,0,0,744,0,0.0
user72,noGesture,25,0,0,675,0,0.0
user72,open,25,0,0,610,0,0.0
user72,pinch,25,0,0,894,0,0.0
user72,waveIn,25,0,0,621,0,0.0
user72,waveOut,25,0,0,663,0,0.0
user73,fist,25,0,0,459,0,0.0
user73,noGesture,25,0,0,425,0,0.0
user73,open,25,0,0,449,0,0.0
user73,pinch,25,0,0,396,0,0.0
user73,waveIn,25,0,0,431,0,0.0
user73,waveOut,25,0,0,337,0,0.0
user74,fist,25,4,2,841,20,2.38
user74,noGesture,25,0,1,725,2,0.28
user74,open,25,0,1,620,1,0.16
user74,pinch,25,0,1,658,2,0.3
user74,waveIn,25,0,0,787,0,0.0
user74,waveOut,25,0,3,781,4,0.51
user75,fist,25,0,1,724,2,0.28
user75,noGesture,25,2,0,700,18,2.57
user75,open,25,2,0,553,10,1.81
user75,pinch,25,0,0,617,0,0.0
user75,waveIn,25,0,0,757,0,0.0
user75,waveOut,25,1,1,836,5,0.6
user76,fist,25,0,2,296,3,1.01
user76,noGesture,25,0,0,325,0,0.0
user76,open,25,0,0,234,0,0.0
user76,pinch,25,0,0,383,0,0.0
user76,waveIn,25,0,0,356,0,0.0
user76,waveOut,25,0,0,372,0,0.0
user77,fist,25,0,0,498,0,0.0
user77,noGesture,25,1,0,500,14,2.8
user77,open,25,0,0,525,0,0.0
user77,pinch,25,0,1,322,3,0.93
user77,waveIn,25,0,0,551,0,0.0
user77,waveOut,25,0,0,510,0,0.0
user78,fist,25,7,5,673,33,4.9
user78,noGesture,25,0,0,700,0,0.0
user78,open,25,6,5,903,29,3.21
user78,pinch,25,0,0,464,0,0.0
user78,waveIn,25,2,2,651,17,2.61
user78,waveOut,25,7,5,927,42,4.53
user79,fist,25,0,0,872,0,0.0
user79,noGesture,25,0,1,725,2,0.28
user79,open,25,3,7,752,22,2.93
user79,pinch,25,0,0,351,0,0.0
user79,waveIn,25,1,0,622,4,0.64
user79,waveOut,25,2,3,894,13,1.45
user8,fist,25,0,0,492,0,0.0
user8,noGesture,25,1,0,450,18,4.0
user8,open,25,0,0,378,0,0.0
user8,pinch,25,0,1,583,1,0.17
user8,waveIn,25,0,0,435,0,0.0
user8,waveOut,25,0,0,460,0,0.0
user80,fist,25,2,1,871,11,1.26
user80,noGesture,25,1,0,900,4,0.44
user80,open,25,0,2,905,3,0.33
user80,pinch,25,0,0,589,0,0.0
user80,waveIn,25,7,1,1028,39,3.79
user80,waveOut,25,2,6,1077,18,1.67
user81,fist,25,0,0,660,0,0.0
user81,noGesture,25,1,0,625,25,4.0
user81,open,25,0,0,584,0,0.0
user81,pinch,25,0,0,523,0,0.0
user81,waveIn,25,0,0,693,0,0.0
user81,waveOut,25,2,0,627,8,1.28
user82,fist,25,0,0,361,0,0.0
user82,noGesture,25,0,0,375,0,0.0
user82,open,25,3,0,394,11,2.79
user82,pinch,25,0,0,227,0,0.0
user82,waveIn,25,0,2,398,2,0.5
user82,waveOut,25,1,0,651,3,0.46
user83,fist,25,0,0,394,0,0.0
user83,noGesture,25,4,0,450,72,16.0
user83,open,25,0,0,292,0,0.0
user83,pinch,25,0,0,501,0,0.0
user83,waveIn,25,0,0,439,0,0.0
user83,waveOut,25,2,1,741,7,0.94
user84,fist,25,0,0,308,0,0.0
user84,noGesture,25,2,1,375,13,3.47
user84,open,25,0,0,231,0,0.0
user84,pinch,25,0,0,494,0,0.0
user84,waveIn,25,1,2,373,5,1.34
user84,waveOut,25,0,0,516,0,0.0
user85,fist,25,8,2,1006,66,6.56
user85,noGesture,25,0,0,925,0,0.0
user85,open,25,8,3,1049,58,5.53
user85,pinch,25,1,1,496,10,2.02
user85,waveIn,25,10,4,910,56,6.15
user85,waveOut,25,12,3,1081,63,5.83
user86,fist,25,0,0,810,0,0.0
user86,noGesture,25,1,0,750,6,0.8
user86,open,25,0,0,503,0,0.0
user86,pinch,25,1,1,876,4,0.46
user86,waveIn,25,0,0,600,0,0.0
user86,waveOut,25,1,0,822,3,0.36
user87,fist,25,0,0,555,0,0.0
user87,noGesture,25,0,0,550,0,0.0
user87,open,25,0,0,426,0,0.0
user87,pinch,25,0,0,544,0,0.0
user87,waveIn,25,4,2,666,17,2.55
user87,waveOut,25,0,0,570,0,0.0
user88,fist,25,0,0,750,0,0.0
user88,noGesture,25,0,0,725,0,0.0
user88,open,25,0,0,714,0,0.0
user88,pinch,25,0,0,628,0,0.0
user88,waveIn,25,0,0,743,0,0.0
user88,waveOut,25,0,0,744,0,0.0
user89,fist,25,0,0,415,0,0.0
user89,noGesture,25,1,0,400,9,2.25
user89,open,25,2,1,323,6,1.86
user89,pinch,25,0,0,387,0,0.0
user89,waveIn,25,0,2,491,3,0.61
user89,waveOut,25,1,0,420,5,1.19
user9,fist,25,0,0,606,0,0.0
user9,noGesture,25,0,0,550,0,0.0
user9,open,25,0,0,623,0,0.0
user9,pinch,25,0,0,532,0,0.0
user9,waveIn,25,0,0,587,0,0.0
user9,waveOut,25,0,0,449,0,0.0
user90,fist,25,0,0,605,0,0.0
user90,noGesture,25,1,1,700,29,4.14
user90,open,25,0,0,699,0,0.0
user90,pinch,25,0,0,638,0,0.0
user90,waveIn,25,0,0,755,0,0.0
user90,waveOut,25,0,0,813,0,0.0
user91,fist,25,0,0,649,0,0.0
user91,noGesture,25,0,0,650,0,0.0
user91,open,25,0,0,710,0,0.0
user91,pinch,25,0,0,501,0,0.0
user91,waveIn,25,0,0,814,0,0.0
user91,waveOut,25,0,0,565,0,0.0
user92,fist,25,0,0,360,0,0.0
user92,noGesture,25,0,0,375,0,0.0
user92,open,25,0,0,319,0,0.0
user92,pinch,25,0,0,571,0,0.0
user92,waveIn,25,0,0,347,0,0.0
user92,waveOut,25,0,0,400,0,0.0
user93,fist,25,0,0,807,0,0.0
user93,noGesture,25,0,0,700,0,0.0
user93,open,25,0,0,666,0,0.0
user93,pinch,25,0,0,674,0,0.0
user93,waveIn,25,0,1,772,1,0.13
user93,waveOut,25,0,1,706,2,0.28
user94,fist,25,0,0,481,0,0.0
user94,noGesture,25,0,0,375,0,0.0
user94,open,25,0,1,273,1,0.37
user94,pinch,25,0,0,264,0,0.0
user94,waveIn,25,0,0,427,0,0.0
user94,waveOut,25,0,0,386,0,0.0
user95,fist,25,1,6,605,13,2.15
user95,noGesture,25,0,1,600,1,0.17
user95,open,25,0,1,609,1,0.16
user95,pinch,25,0,0,733,0,0.0
user95,waveIn,25,0,1,600,1,0.17
user95,waveOut,25,3,5,682,18,2.64
user96,fist,25,6,1,771,27,3.5
user96,noGesture,25,2,1,875,8,0.91
user96,open,25,4,3,900,22,2.44
user96,pinch,25,1,1,842,4,0.48
user96,waveIn,25,7,2,902,39,4.32
user96,waveOut,25,3,4,948,19,2.0
user97,fist,25,0,0,656,0,0.0
user97,noGesture,25,0,0,575,0,0.0
user97,open,25,0,0,518,0,0.0
user97,pinch,25,0,2,470,4,0.85
user97,waveIn,25,0,1,697,3,0.43
user97,waveOut,25,0,0,541,0,0.0
user98,fist,25,1,1,858,5,0.58
user98,noGesture,25,0,0,775,0,0.0
user98,open,25,1,3,687,8,1.16
user98,pinch,25,0,1,718,1,0.14
user98,waveIn,25,0,0,847,0,0.0
user98,waveOut,25,0,0,798,0,0.0
user99,fist,25,0,1,839,1,0.12
user99,noGesture,25,2,0,725,12,1.66
user99,open,25,4,0,709,56,7.9
user99,pinch,25,0,0,676,0,0.0
user99,waveIn,25,1,2,664,7,1.05
user99,waveOut,25,2,1,878,15,1.71
